artist_name,album_name,year,avg_dr,min_dr,max_dr,codec,source
LOS PANX,MORRITA PUNK (SINGLE),2019,255,255,255,lossy,Unknown
Access Denied,The ENDenied,2019,255,255,255,lossy,Unknown
Testing,Fake News,1915,99,01,99,lossless,Downmix
Test Account,Manual Testing 2.1,2020,84,05,255,lossy,Download
Test Account,Manual Testing 2.2,2020,84,05,255,lossy,Download
Test Account,Alignment testing,2020,84,06,14,lossless,Download
Test Account,Another alignment test,2020,84,06,14,lossless,Download
Test Account,Template v1.0,2020,84,06,14,lossless,Download
Keko,CD Test,2020,69,01,218,lossless,CD
Denon,Audio Technical CD,1984,48,48,48,lossless,CD
Polygonum,Nonparametric Estimation,2021,38,36,39,lossless,Download
Shurayuki-hime,Hama,2018,35,34,36,lossy,Download
Shurayuki-hime,Hama,2018,35,34,36,lossless,Download
Lee Patterson,Egg Fry #2,2012,32,32,32,lossless,Download
dvdmovies123,a collection of assorted shit!,2020,28,02,29,lossless,Download
The Jim Hall Trio,"Circles (USA, CJ-161, RAW)",1981,27,25,28,lossless,Vinyl
Hank Jones Trio,"Arigato (Japan, KUX-14-G, RAW)",1977,27,25,29,lossless,Vinyl
Dallas Simpson,The Shore Of Stones Suite,2015,25,19,30,lossless,Download
Ron Carter,"Pick 'Em (USA, M-9092, RAW)",1980,25,23,26,lossless,Vinyl
Ron Carter,"Patrāo (USA, M-9099, RAW)",1981,25,23,27,lossless,Vinyl
Isao Suzuki Trio / Quartet,"Blow Up (USA, RE, 180gr, 45rpm, TBM-15-45, 2LP, RAW)",2008,25,24,25,lossless,Vinyl
Gerry Mulligan Quartet,"What Is There To Say? (USA, mono, CL 1307, RAW)",1959,25,24,26,lossless,Vinyl
J.J. Cale,"5 (WG, 200 389, RAW)",1979,25,24,26,lossless,Vinyl
Jimmy Smith,"It's Necessary (USA, SRM-1-1189, RAW)",1977,25,24,26,lossless,Vinyl
Kenny Burrell,"Live At The Village Vanguard (USA, MR 5216, RAW)",1980,25,24,26,lossless,Vinyl
Ron Carter,"Parade (USA, M-9088, RAW)",1979,25,24,26,lossless,Vinyl
Kevin Drumm,Dying Air,2013,24,22,25,lossless,Download
Kotik/Orch. Of S.E.M. Ensemble,John Cage: Concert For Piano & Orchestra / Atlas Eclipticalis,1996,24,22,26,lossy,Download
Kenny Burrell,"Guitar Forms (USA, V6-8612, RAW)",1965,24,23,24,lossless,Vinyl
Larry Carlton,"Alone / But Never Alone (USA, MCA-5689, RAW)",1986,24,23,24,lossless,Vinyl
John Mayall,"Moving On (USA, PD 5036, RAW)",1972,24,23,25,lossless,Vinyl
Ron Carter,"Peg Leg (USA, M-9082, RAW)",1978,24,23,25,lossless,Vinyl
Ron Carter Quartet,"Piccolo (USA, M-55004, 2LP, RAW)",1977,24,23,25,lossless,Vinyl
"John Cage - The Orchestra Of The S.E.M. Ensemble , Petr Kotik , Joseph Kubera",Concert For Piano And Orchestra / Atlas Eclipticalis,1993,24,23,26,lossless,CD
Hank Jones,"Ain't Misbehavin' (USA, GXY-5123, RAW)",1979,24,23,26,lossless,Vinyl
George Benson,"Take Five (RE, USA, CTI 8014, RAW)",1979,24,24,24,lossless,Vinyl
John Cage,Complete Music for Piano Vol 11,2004,23,14,26,lossless,CD
The Smudge,Breakfast Wolf,2012,23,15,27,lossy,Unknown
リラックスヒーリングサウンド,雨の音 -睡眠、読書のための1/fゆらぎ-,2020,23,16,30,lossless,Download
The Crusaders,"Images (USA, BA-6030, RAW)",1978,23,22,23,lossless,Vinyl
Ron Carter,"New York Slick (USA, M-9096, RAW)",1980,23,22,24,lossless,Vinyl
War,"The Music Band 2 (USA, MCA 3193, RAW)",1979,23,22,24,lossless,Vinyl
Bennie Wallace,"Bordertown (USA, B1-48014, RAW)",1988,23,22,24,lossless,Vinyl
AMM,Newfoundland,1993,23,23,23,lossless,CD
Coleman Hawkins,"Coleman Hawkins And Confreres (USA, MG V-8346, mono, RAW)",1959,23,23,23,lossless,Vinyl
Hank Jones,"Bop Redux (USA, MR 5123, Promo, RAW)",1977,23,23,24,lossless,Vinyl
Los Angeles Guitar Quartet,LAGQ's Guitar Heroes S.A.CD (multichannel layer),2004,22,15,26,lossless,CD
Steffen Schleiermacher,Morton Feldman - The Late Piano Works Vol. 3,2009,22,16,28,lossless,CD
Helge Schneider,Hörspiele I,2004,22,17,27,lossless,Unknown
Echoes Of Nature,Rainforest,1998,22,18,24,lossless,CD
The Shadows,"Walkin' With The Shadows (UK, MFP 1388, RAW)",1970,22,19,26,lossless,Vinyl
Al Di Meola,"Splendido Hotel (USA, C2X 36270, 2LP, RAW)",1980,22,20,23,lossless,Vinyl
"Mahavishnu Orchestra With The London Symphony Orchestra, Michael Tilson Thomas","Apocalypse (USA, KC 32957, RAW)",1974,22,21,23,lossless,Vinyl
John McLaughlin,"Music Spoken Here (USA, 9 23723-1, RAW)",1982,22,21,23,lossless,Vinyl
Jimmy Smith,"Bucket (USA, BST-84235, RAW)",1966,22,22,22,lossless,Vinyl
Johnny Beecher,"Sax 5th Ave. (USA, CLM 102, mono, RAW)",1962,22,22,22,lossless,Vinyl
Charlie Parker,"Bird (The Original Recordings Of Charlie Parker, USA, 837 176-1, RAW)",1988,22,22,23,lossless,Vinyl
Suikinkutsu,Sounds of Japan,2009,22,22,23,lossy,Download
Salvatore Accardo (violin) & I Musici,Giuseppe Tartini: 3 Violin Concertos (SACD multichannel layer),2010,22,22,23,lossless,CD
The Great Jazz Trio,"Kindness, Joy, Love & Happiness (USA, IC 6023, RAW)",1978,22,22,23,lossless,Vinyl
The Monty Alexander Trio,"We've Only Just Begun (USA, 25103, RAW)",1972,22,22,23,lossless,Vinyl
Black Knights,Medieval Chamber,2014,21,06,16,lossless,Download
The Smudge,Single Cell Mammals,2012,21,10,27,lossy,Unknown
Natural Garden,自然の音色 (Sounds of Nature),2010,21,14,27,lossless,Unknown
Evergreen Avenue,Mourn / Morn,2021,21,14,34,lossy,Download
Kim Larsen,Værsgo,1973,21,16,21,lossless,Vinyl
Andrzej Jagodzinski Trio,Deep Cut,1997,21,16,23,lossy,Unknown
Fernando Laub,Bestiario,2009,21,16,24,lossy,Unknown
The Montellos,Summer Sensation (Deluxe Edition) [2016 Digital Remaster],2016,21,16,25,lossless,Downmix
Pat Metheny Group,"First Circle (USA, ECM 1278, RAW)",1984,20,19,21,lossless,Vinyl
Heddy Boubaker + Sebastian Bouhana,Heddy Boubaker + Sebastian Bouhana,2006,20,20,20,lossy,Unknown
R. Andrew Lee,Dennis Johnson: November,2013,20,20,20,lossy,Download
Wayne Shorter,"Phantom Navigator (USA, C 40373, RAW)",1987,20,20,20,lossless,Vinyl
Eberhard Weber Colours,"Silent Feet (USA, ECM 1107, RAW)",1978,20,20,21,lossless,Vinyl
Chuck Mangione,"Bellavia (USA, RE, SP-3172, RAW)",1981,20,20,21,lossless,Vinyl
James Newton Howard,James Newton Howard and Friends,1985,20,20,21,lossless,CD
He Xun-Tian,Images In Sound [XRCD 2],2007,19,09,26,lossless,Unknown
Sheffield Lab,Direct from the Masters,1983,19,10,21,lossless,Unknown
"James Newton Howard, Toto",James Newton Howard & Friends,1984,19,10,21,lossless,CD
David Tudor,Music For Piano,2007,19,11,27,lossless,CD
Steve Earle,Copperhead Road,1988,19,12,21,lossy,Unknown
New Orleans Heartbreakers,Meet Us Where We Play The Blues,1993,19,13,21,lossless,Unknown
Six Heads,Six Heads Or The Appearance Of Hairs Band,2010,19,13,22,lossy,Unknown
John Stevens / Evan Parker,Corner To Corner + The Longest Night,2007,19,13,22,lossless,CD
Christian Wolff,Kompositionen 1950 - 1972,2011,19,13,27,lossless,CD
Diana Ross,Diana (Declipped...Again),2020,19,14,21,lossless,Download
Flim & The BB's,Big Notes,1985,19,14,22,lossless,CD
Bernard Maseli,Tylko Chopin,1994,19,14,23,lossy,Unknown
Diana Ross,The Boss (Declipped),2020,19,14,24,lossless,Download
Leszek Kulakowski Sextet,Black & Blue,1994,19,15,20,lossy,Unknown
Charly Antolini,Crash,1981,19,15,20,lossless,Vinyl
"Seattle Symphony and Chorale, Gerard Schwarz (Dir.)","Ravel: Daphnis et Chloé, Diamond: Elegy In Memory Of Maurice Ravel",1991,19,15,21,lossless,CD
"John Butcher , Phil Durrant , Paul Lovens , Radu Malfatti , John Russell",News From The Shed,2005,19,15,22,lossy,Unknown
Michel Redolfi,Sonic Waters #2 (Underwater Music) 1983-1989,1990,19,15,23,lossless,Unknown
John Cage,Complete Music for Piano Vol 4,2004,19,15,28,lossless,CD
Eddy Grant,Killer On The Rampage [Deluxe Edition] [Disc 2],2008,19,16,20,lossless,Unknown
Igor Stravinsky,"The Song Of The Nightingale, The Firebird, Rite of Spring",1996,19,16,21,lossless,Download
Stan Rogers,Poetic Justice,2011,19,16,21,lossless,Download
Eiji Oue - Minnesota Orchestra,"Stravinsky: Firebird, Song of the Nightingale, Rite of Spring (HDtracks 88kHz / 24bit)",1996,19,16,21,lossless,Download
Manhattan Jazz Quintet,plays blue note,1988,19,16,21,lossy,Download
Arditti String Quartet,Luciano Berio - The String Quartets,2002,19,16,21,lossless,CD
"New York Philharmonic, Pierre Boulez","Elliott Carter, Edgard Varese",2009,19,16,22,lossless,CD
The Horace Parlan Trio,Pannonica,1992,19,16,22,lossless,CD
Gladiator,Made of Pain,1993,19,17,19,lossless,CD
Eppu Normaali,Valkoinen Kupla,1995,19,17,20,lossless,CD
Gregory James,Sampler (24-96),2010,19,17,20,lossless,Download
Chick Corea Akoustic Band,Alive,1991,19,17,20,lossless,CD
Rodrigo y Gabriela,11:11 Bonus DVD,2009,19,17,20,lossless,Unknown
Philip Sulidae,Perplexor,2020,19,17,21,lossless,Download
Bucky Pizzarelli,Swing Live,2001,19,17,21,lossless,CD
Basel Sinfonietta - André Richard,Chaya Czernowin - Shu Hai practices javelin & Six Miniatures,2002,19,17,21,lossless,CD
Kroumata Percussion Ensemble and Keiko Abe,Kroumata and Keiko Abe: works for marimba and percussion,1989,19,17,21,lossless,CD
John Cage,Complete Music for Piano Vol 16,2004,19,17,22,lossless,CD
Chet Baker Quartet,When Sunny Gets Blue,1988,19,17,22,lossless,CD
Carlos Heredia,Gypsy Flamenco,1996,19,17,22,lossless,CD
John Cage,Complete Music for Piano Vol 12,2004,19,17,25,lossless,CD
Ravi Shankar,Raga Charukauns,1986,19,18,19,lossless,CD
sahelsounds,Field Recordings from the Sahel,2018,19,18,19,lossless,Download
Muslimgauze,Veiled Sisters (disc two),1993,19,18,20,lossless,Unknown
John Cage,Complete Music for Piano Vol 17,2004,19,18,21,lossless,CD
Charly Antolini,Crash,1981,19,18,21,lossless,Unknown
Charly Antolini,Crash (Bell CD),1990,19,18,21,lossless,CD
Charly Antolini,Countdown,1980,19,18,22,lossless,Unknown
Nurse With Wound,To The Quiet Men From A Tiny Girl,1990,19,19,19,lossless,CD
David Del Tredici,In Memory Of A Summer Day,1983,19,19,19,lossless,CD
Shivkumar Sharma & Zakir Hussain,Rag Madhuvanti / Rag Misra Tilang,1988,19,19,19,lossless,CD
Annea Lockwood,Early Works 1967-82,2007,18,09,26,lossless,CD
Henryk Miskiewicz,More Love,1994,18,10,23,lossy,Unknown
Three Generations Trio,Live in Jazz Club Pinokio,1992,18,11,20,lossless,Unknown
Casiopea,Eyes of the mind,1981,18,11,21,lossless,Unknown
Curtis Roads,POINT LINE CLOUD - Electronic music 1999-2003,2019,18,11,22,lossless,CD
David Burge; Einar Rötttingen; Joachim Olsson; Peter Kates,George Crumb ‎– Makrokosmos I-IV,2003,18,11,26,lossless,CD
Varius Artist,"Reference Jazz, Etc.- First Sampling",1990,18,12,18,lossless,CD
Andy Narell,The Hammer,1987,18,12,20,lossy,Unknown
Toshio Hosokawa,Landscapes,2011,18,12,22,lossless,CD
"Atrium Musicae De Madrid, Gregorio Paniagua",La Folia de la Spagna,1982,18,12,23,lossless,CD
"Atrium Musicae De Madrid, Gregorio Paniagua",La Folia De La Spagna,1993,18,12,24,lossless,Vinyl
Prince and the Revolution,Around the World in a Day,1985,18,13,21,lossy,Download
Michael Jackson,Bad,1987,18,15,21,lossless,Vinyl
Harry Partch,The Harry Partch Collection Volume 4: The Bewitched,1997,18,15,21,lossless,Unknown
Anne-Sophie Mutter,Modern - Disk-03,1994,18,15,21,lossless,CD
Lightnin' Hopkins,The Swarthmore Concert,1993,18,15,21,lossless,CD
"Anne-Sophie Mutter, James Levine, Chicago Symphony Orchestra","Berg - Violinkonzert, Rihm - 'Gesungene Zeit'",1992,18,15,21,lossless,CD
Anthony Horowitz,Die fünf Tore - Teufelsstern,2006,18,15,22,lossy,Unknown
Ensemble  Harvey Sollberger,Chaya Czernowin -  Afatsim,1999,18,15,22,lossless,CD
Bucky Pizzarelli,Three For All [HDtracks 192kHz/24bit],2014,18,15,23,lossless,Download
Piano Duo Degenhardt-Kent,"CRUMB / BROWN: New Music For 1, 2 & 3 Pianos",1991,18,15,25,lossless,CD
Fernando Laub,Die Tonality Die,2009,18,15,25,lossy,Unknown
Jan Boerman,The complete tape music of Jan Boerman (Disc 5),1998,18,16,19,lossless,Unknown
Herbie Hancock,Quartet,1983,18,16,19,lossless,CD
George Duke,Dream On,1982,18,16,19,lossless,CD
Herbie Hancock,Lite Me Up,1983,18,16,19,lossless,CD
George Duke,Dream On,1982,18,16,19,lossy,CD
London Symphony Orchestra - Valerie Gergiev,Gustav Mahler - Symphony No. 4,2010,18,16,19,lossless,CD
Art Pepper & Duke Jordan,In Copenhagen 1981 CD1,1996,18,16,19,lossless,CD
Tommy Oscar Grand Orchestra,The Latest Themes,1985,18,16,20,lossless,Unknown
John Cage,Complete Music for Piano Vol 15,2004,18,16,20,lossless,CD
Derek Bailey,Standards,2007,18,16,20,lossless,Unknown
Black Lodge Singers,Pow-Wow Highway Songs,1991,18,16,20,lossless,CD
The New Percussion Group Of Amsterdam / Bill Bruford / Keiko Abe,Go Between,1987,18,16,20,lossless,CD
Irvine Arditti,"Caprices (Salvatore Sciarrino, Elliott Carter, Emmanuel Nunes, Pierre Boulez)",2017,18,16,20,lossless,CD
George Michael,I Want Your Sex (CD Single - Monogamy Mix),1987,18,16,20,lossless,CD
Leonidas Kavakos,Sibelius: Violin Concerto (Original & Final Version),1991,18,16,20,lossless,CD
Kimiko Kasai,New Pastel,1984,18,16,20,lossless,CD
John Kay & Steppenwolf,Wolftracks,1982,18,16,20,lossless,Unknown
Pendragon,The Very Very Bootleg: Live In Lille 1992,1993,18,16,20,lossless,Unknown
Bob Mintzer Big Band,Incredible Journey,1985,18,16,20,lossless,CD
Paco de Lucia,Luzia,1998,18,16,21,lossy,Unknown
Richard Hooper,Nature Recordings: Thunderstorm,1986,18,16,21,lossless,CD
Various Artists,The Sheffield Track & Drum Record,2007,18,16,21,lossless,Unknown
Erich Kunzel Conducting Cincinnati Symphony Orchestra,"Tchaikovsky 1812, Capriccio Italien, Cossack Dance From Mazeppa",2012,18,16,21,lossless,Vinyl
Fiddler's Green,Fiddler's Green,1992,18,16,21,lossy,Unknown
Flim & the BB's,The Further Adventures Of Flim & The BB's,1988,18,16,21,lossless,CD
Various Artists,The Sheffield Track & Drum Record,1990,18,16,22,lossless,Unknown
Bill Engvall,15° Off Cool,2007,18,16,22,lossless,Unknown
Sheffield Lab,Track Record - Drum Record,1981,18,16,22,lossless,Unknown
Sheffield Lab,Track Record - Drum Record,1994,18,16,22,lossless,Unknown
Orchestral Manoeuvres in the Dark,Architecture & Morality,1984,18,16,23,lossy,CD
Herbie Hancock,Herbie Hancock Trio with Ron Carter & Tony Williams (1981),2013,18,17,18,lossless,CD
Johnny Winter And,"Live Johnny Winter And (USA, C 30475, RAW)",1971,18,17,18,lossless,Vinyl
"London Symphony Orchestra, Valerie Gergiev",Gustav Mahler Symphony No. 9,2011,18,17,18,lossless,CD
Art Pepper & Duke Jordan,In Copenhagen 1981 CD2,1996,18,17,18,lossless,CD
Nusrat Fateh Ali Khan,En Concert A Paris Vol. 2,1988,18,17,18,lossless,Unknown
London Sinfonietta - Karlheinz Stockhausen,Stockhausen ‎– YLEM,1992,18,17,18,lossless,CD
Herbie Hancock Trio,Herbie Hancock Trio with Ron Carter & Tony Williams,1982,18,17,18,lossless,Download
Billy Cobham,Incoming,1989,18,17,18,lossless,CD
Horacio Vaggione,La Maquina de Cantar,2019,18,17,18,lossy,Download
"Staatskapelle Dresden, Marek Janowski",Richard Wagner - Das Rheingold,1980,18,17,19,lossless,CD
John Renbourn,Faro Annie,1971,18,17,19,lossy,Unknown
"Minnesota Orchestra, Stanislaw Skrowaczewski",Ravel ‎– Daphnis Et Chloé - Ma Mère L'Oye - Valses Nobles Et Sentimentales,2005,18,17,19,lossless,CD
Mauricio Kagel,"Exotica, Tactil",1990,18,17,19,lossless,CD
Ravi Shankar,India's Master Musician,1999,18,17,19,lossless,CD
Skeleton Of God,Urine Garden,1993,18,17,20,lossless,CD
Valery Gergiev / The London Symphony Orchestra,Rachmaninov Symphonic Dances & Stravinsky Symphony in Three Movements,2012,18,17,20,lossless,Unknown
Hubbards Cubbard,s/t,1985,18,17,20,lossless,Unknown
Duke Jordan Trio,Flight To Japan,2017,18,17,20,lossless,CD
The Consort of Musicke - Anthony Rooley,Lamento D'Arianna - Disc 1,1990,18,18,18,lossless,CD
Tangerine Dream,White Eagle,1982,18,18,18,lossless,Vinyl
Minimal Decay,Electric Ride,2018,18,18,18,lossless,Download
Bill Evans (Sax),Petit Blonde live,1992,18,18,18,lossless,Unknown
John Cage,Complete Music for Piano Vol 5,2004,17,02,27,lossless,CD
Blore,Blore2,2012,17,09,29,lossy,Unknown
伊東たけし (Takeshi Itoh),Dear Hearts,1987,17,10,20,lossless,CD
Tomasz Stanko Quartet,Matka Joanna,1995,17,11,19,lossless,CD
Elisabeth Karsten,Flux,1999,17,11,20,lossy,Unknown
Danny Clay,Grid Studies,2015,17,11,21,lossless,Download
Isao Suzuki,"Plays ""Ave Maria"" (SACD)",2015,17,11,21,lossless,CD
Flim and the BBs,Tunnel,1984,17,13,20,lossless,CD
David White Quintet,Object Relations,1996,17,13,20,lossless,CD
"Polgar, Komlosi, Budapest Festival Orchester, Fischer",Bela Bartok - Bluebeard's Castle,2003,17,13,21,lossless,CD
Kansas City Symphony - Michael Stern,Benjamin Britten's Orchestra (24-88.2),2009,17,13,21,lossless,Unknown
Dan Gibson,Solitudes - Thunderstorm: A Surround Sound Experience,2000,17,13,21,lossless,CD
Cactus World News,The Bridge,1985,17,13,21,lossless,Vinyl
"Isabelle Menke, Neue Vocalsolisten Stuttgart, Klangforum Wien, Beat Furrer",Beat Furrer – Fama,2006,17,13,21,lossless,CD
Asia,Armada 3,2003,17,13,21,lossless,CD
Vishwa Mohan Bhatt,In Concert,1991,17,13,21,lossless,CD
Don Ross,Bearing Straight,1989,17,13,21,lossless,Unknown
Various Artists,宵々山顔見世コンサート ’73 <Disc 2> (Yoiyoiyama Kaomise Concert '73 : Disc 2),2017,17,13,22,lossless,CD
Steffen Schleiermacher,Erik Satie - Le Fils Des Etoiles (Piano Music Vol. 1),2001,17,13,22,lossless,CD
David Monacchi,Prima Amazonia,2013,17,13,22,lossy,Download
Diamanda Galás,Vena Cava,1993,17,13,23,lossless,CD
Marilyn Mazur's Future Song,Small Labyrinths,1997,17,13,24,lossless,CD
Rickie Lee Jones,Flying Cowboys,1989,17,13,24,lossless,CD
Tattle Tale,Sew True,1995,17,13,25,lossless,Unknown
Magnesis,L'Immortel Opéra,2005,17,14,18,lossless,Unknown
Tomasz Stanko New York Quartet,Wisława,2013,17,14,18,lossless,CD
Dave Grusin,One Of A Kind,1984,17,14,18,lossless,CD
"Atlanta Symphony Orchestra & Chorus, Robert Shaw",Carl Orff: Carmina Burana,1981,17,14,18,lossless,Unknown
Luis Portugal,Coisas Simples,1993,17,14,18,lossless,CD
SILENO,X-Tracks 1,2013,17,14,19,lossless,Unknown
Bert Jansch,Rosemary Lane,2001,17,14,19,lossy,Unknown
Steve Earle,Exit O,1987,17,14,19,lossless,CD
The Dolphins,Malayan Breeze,1991,17,14,19,lossless,CD
Chick Corea,Rendezvous in New York [2 cd's],2003,17,14,19,lossless,Unknown
Miles Davis & Quincy Jones,Miles & Quincy Live At Montreux,1993,17,14,19,lossless,CD
Scruffy The Cat,Moons Of Jupiter,1988,17,14,19,lossless,CD
Charly Antolini,Knock Out [vinyl],1979,17,14,19,lossless,Unknown
Charly Antolini,Knock Out,1990,17,14,19,lossless,Unknown
Andy Narell,Little Secrets,1989,17,14,19,lossless,CD
Steve Earle,Exit O,1987,17,14,19,lossless,Unknown
Tom Harrell Quintet,Open Air,2017,17,14,19,lossless,CD
Ana Moura,Guarda-me a Vida Na Mão,2003,17,14,19,lossy,Unknown
Chris & Cosey,October (Love Song) (Qobuz),1983,17,14,19,lossless,Download
"Keith Jarrett, Gary Peacock, Paul Motian",At The Deer Head Inn,1994,17,14,19,lossless,Unknown
DeGarmo & Key,D&K,1987,17,14,19,lossy,Download
Midori Hara (原みどり),MiDo,1987,17,14,19,lossless,CD
Orchestre Révolutionnaire et Romantique/John Eliot Gardiner,Hector Berlioz: Symphonie Fantastique,1993,17,14,20,lossless,Unknown
LSO Colin Davis,Berlioz - Symphonie fantastique,2002,17,14,20,lossless,CD
John Cage,Complete Music for Piano Vol 18,2004,17,14,20,lossless,CD
Theatre of Voices - Paul Hillier,Stories - Berio and Friends,2011,17,14,20,lossless,CD
Bert Jansch,When the Circus Comes to Town,1995,17,14,20,lossy,Unknown
Yo-Yo Ma; Baltimore Symphony; David Zinman,The New York Album,1993,17,14,20,lossless,CD
Ravi Shankar,Golden Jubilee Concert (2 CD Special Edition),1990,17,14,20,lossless,CD
The David Hazeltine Trio,The Jobim Songbook in New York [HDtracks],2008,17,14,20,lossless,Download
Miche Fambro,My Canvas,1999,17,14,20,lossless,Download
Terry Jennings / John Cage / John Tilbury / Sebastian Lexer,Lost Daylight,2010,17,14,20,lossless,CD
"Tasmin Little, BBC Symphony Orchestra, Edward Gardner",Walton: Symphony No. 1; Violin Concerto [24/96],2014,17,14,20,lossless,Download
Thelonious Monk,Thelonious Himself,2008,17,14,20,lossless,CD
Cafeine,La Citadelle,1994,17,14,21,lossless,Unknown
Pole,CD 1,1999,17,14,21,lossless,CD
Pole,1 2 3 (1),2008,17,14,21,lossless,CD
Flamenco Fever,"""Live""  Direct To Disc",1978,17,14,21,lossless,Vinyl
Pole,1,1998,17,14,21,lossless,Download
"Budapest Festival Orchestra, Ivan Fischer",Béla Bartók ‎– Bluebeard's Castle,2003,17,14,22,lossless,CD
Rabih Abou-Khalil,Navas,1988,17,14,22,lossless,Unknown
Morton Subotnick,Morton Subotnick: Touch / Jacob's Room,2004,17,14,23,lossy,Download
Steve Khan/Rob Mounsey,Local Color,1987,17,14,25,lossless,Unknown
"Dohnányi, Cleveland Orchestra",Gustav Mahler - Symphony No. 1,1990,17,15,18,lossless,CD
Various Artists,"One Night with Blue Note Preserved, Volume 1",1985,17,15,18,lossless,Unknown
Jan Boerman,The complete tape music of Jan Boerman (Disc 3),1998,17,15,18,lossless,Unknown
Fred Wesley,House Party,1993,17,15,18,lossless,Unknown
"Staatskapelle Dresden, Marek Janowski",Richard Wagner - Siegfried,1982,17,15,18,lossless,CD
"Janos Starker, Orchestre National De France, Jascha Horenstein",Mahler - Symphony No. 9 / Strauss - Don Quichotte,1988,17,15,18,lossless,CD
Aftermath,Eyes of Tomorrow,1995,17,15,18,lossless,CD
The Ben Webster Quintet,Soulville,1989,17,15,18,lossless,CD
Dennis Chambers,Getting Even,1992,17,15,18,lossless,CD
Tadeusz Nalepa,Absolutnie (Hungary),1991,17,15,19,lossless,CD
The Voice & Rhythm (ザ・ボイス&リズム),Ohh!!!,1985,17,15,19,lossless,CD
Tethered Moon,First Meeting,1997,17,15,19,lossless,CD
"ROBERTA ALEXANDER / CONCERTGEBOUW ORCHESTRA, AMSTERDAM / BERNARD HAITINK",MAHLER: SYMPHONY NO. 4,1984,17,15,19,lossless,CD
Herbert Kegel & Dresdner Philharmonie,Beethoven: Symphony No9,1987,17,15,19,lossless,Unknown
Clark Terry,Live at The Village Gate,2008,17,15,19,lossless,Download
Jan Garbarek,I Took Up The Runes,2008,17,15,19,lossless,Unknown
Schlagzeugensemble Bernd Kremling,Realistic Percussion (Audioplatte 2),1983,17,15,19,lossless,Vinyl
Giorgio Moroder,From Here To Eternity [vinyl],1977,17,15,19,lossless,Unknown
Ry Cooder & W.M. Bhatt,A Meeting By The River (HDTracks 24/88 Hi Res),1993,17,15,19,lossless,Download
Hariprasad Chaurasia,Rag Ahir Bhairav,1988,17,15,19,lossless,CD
Jan Garbarek,I Took Up The Runes,1990,17,15,19,lossless,Unknown
Arcansiel,Normality of Perversion,1994,17,15,19,lossless,Unknown
Paul McCartney,Pipes of Peace (1984 Europe Release),1983,17,15,19,lossless,CD
Dave Grusin,Out of the Shadows,1982,17,15,19,lossless,CD
"John McLaughlin, Al Di Meola, Paco De Lucia","Passion, Grace & Fire",1983,17,15,19,lossless,Unknown
Duke Jordan Trio,Flight to Japan,1993,17,15,19,lossless,CD
Herbie Hancock,Quartet,1991,17,15,19,lossless,Unknown
Paco de Lucia,Castro Marin,2000,17,15,19,lossless,CD
Chick Corea,"Now He Sings, Now He Sobs [96/24]",2019,17,15,19,lossless,Download
Harry James,Comin' From A Good Place (CD-6),1989,17,15,19,lossless,CD
Lionel Hampton And The Golden Men Of Jazz,Live At The Blue Note,1991,17,15,19,lossless,CD
Ry Cooder & W.M. Bhatt,A Meeting by the River,1993,17,15,19,lossless,CD
Paul McCartney,Pipes of Peace,1983,17,15,19,lossless,CD
Herbie Hancock,Quartet,1989,17,15,19,lossless,CD
Anthony Braxton,Town Hall 1972,1990,17,15,19,lossless,CD
The Jimmy Cobb Quartet,Cobb's Corner (SACD),2007,17,15,19,lossless,CD
Herb Alpert,Rise [Vinyl - MFSL],1982,17,15,19,lossless,Vinyl
Talking Heads,Speaking In Tongues,1986,17,15,20,lossless,Unknown
Current 93,Some Soft Black Stars Seen Over London,2003,17,15,20,lossless,Unknown
"Bergen Philharmonic Orchestra, Andrew Litton","Stravinsky ‎– The Rite of Spring, Petrushka",2011,17,15,20,lossless,CD
Fiona Boyes,Professin' the Blues,2016,17,15,20,lossless,Download
George Benjamin,A Mind of Winter: The Music of George Benjamin,2000,17,15,20,lossless,CD
Sequentia,The Rheingold Curse (disc 2) [CD layer of SACD],2002,17,15,20,lossless,Unknown
アンリ菅野 (Anli Sugano) With Ruby Braff,In Manhattan,1987,17,15,20,lossless,CD
Pierre-Laurent Aimard,Olivier Messiaen - Catalogue d’oiseaux,2018,17,15,20,lossless,CD
John McLaughlin,"""Mediterranean"" Concerto",1990,17,15,20,lossless,Vinyl
Talking Heads,Speaking In Tongues,1983,17,15,20,lossless,CD
Talking Heads,Speaking In Tongues,1983,17,15,20,lossless,Unknown
Talking Heads,Speaking In Tongues [Reissue],1990,17,15,20,lossless,CD
"Berliner Philharmoniker, Claudio Abbado",Gustav Mahler ‎– Symphony No. 6,2005,17,15,20,lossless,CD
William Sheller,Sheller en solitaire,1991,17,15,20,lossless,CD
Keith Jarrett,Bye Bye Blackbird,1993,17,15,20,lossless,CD
William Sheller,Sheller en solitaire,1991,17,15,20,lossless,CD
Timmy Thomas,Why Can't We Live Together  [ collectables ],1993,17,15,20,lossless,CD
Count Basie And His Orchestra,Warm Breeze,1984,17,15,20,lossless,CD
"Ensemble InterContemporain, Pierre Boulez",Berio ‎– Corale / Chemins II & IV / Ritorno Degli Snovidenia / Points On The Curve To Find,2009,17,15,21,lossless,CD
Giya Kancheli,Caris Mere,1997,17,15,21,lossless,CD
Luc Ferrari,Presque Rien,2014,17,15,21,lossless,Download
George Benson,Weekend In L.A. [vinyl],1978,17,15,21,lossless,Vinyl
Maestro Fresh-Wes,Symphony in Effect,1989,17,15,22,lossless,CD
Atria,Boulevard Of Broken Dreams,1992,17,15,22,lossless,Unknown
The Bucky Pizzarelli Trio,Three for All [HDtracks],2014,17,15,22,lossless,Download
Ani DiFranco,Not So Soft,1991,17,15,22,lossless,CD
Fred Astaire,The Astaire Story (disc 1/2),1988,17,15,22,lossless,Unknown
Robert Hohner Percussion Ensemble,Far More Drums,2000,17,15,23,lossless,Unknown
Peter Ilyich Tchaikovsky,1812 Overture; Capriccio Italian; etc. [TELARC],1979,17,16,17,lossless,CD
Jerzy Maksymiuk - BBC Scottish Symphony Orchestra,James Macmillan: The Confession of Isobel Gowdie; Tryst,1992,17,16,17,lossless,CD
Erich Kunzel: Cincinnati Symphony Orchestra,"1812, Capriccio Italien, ""Cossack Dance"" from Mazeppa",1984,17,16,17,lossless,CD
Mike Oldfield & The Royal Philharmonic Orchestra,The Orchestral Tubular Bells,1986,17,16,17,lossless,CD
Avenged Sevenfold,Nightmare,2020,17,16,17,lossy,Downmix
Wayne Shorter,Etcetera,2019,17,16,17,lossless,Vinyl
Skaldowie,Stworzenia świata część druga,2000,17,16,17,lossless,Unknown
William Shatner,Exodus [Itkin],2007,17,16,17,lossless,CD
Stuart McLean,Vinyl Cafe Stories (Disc 2),1998,17,16,17,lossless,CD
"Cincinnati Symphony Orchestra, Erich Kunzel",Tchaikovsky/ 1812 Ouverture Solennelle,1979,17,16,17,lossless,Unknown
Nusrat Fateh Ali Khan,En Concert A Paris Vol. 1,1996,17,16,17,lossless,Unknown
Herbie Hancock,Directstep,2014,17,16,17,lossless,CD
Art Blakey and The Jazz Messengers,Night in Tunisia,1983,17,16,17,lossless,CD
Dizzy Gillespie,To Bird With Love,1992,17,16,19,lossless,CD
Joe Henderson,"State of the Tenor: Live at the Village Vanguard, Volume 1",1985,17,16,19,lossless,Unknown
Randy Brecker,Live At Sweet Basil,1989,17,16,19,lossless,CD
James MacMillan,Visitatio Sepulchri - Búsqueda,1994,17,16,19,lossless,CD
"Stuttgarter Kammerorchester, Dennis Russell Davies (Dir.)",Giya Kancheli: Diplipito,2004,17,16,19,lossless,CD
Lee Ritenour,Rio,1985,17,16,19,lossless,CD
"Joe Sample, Ray Brown, Shelly Manne",The Three (Direct-To-Disc Original),1975,17,16,19,lossless,Vinyl
Jakob Ullmann,Müntzers stern; Solo II,2018,17,16,19,lossless,Download
"London Symphony Orchestra, Thomas Adès",Thomas Adès ‎– Asyla | Tevot | Polaris,2017,17,16,19,lossless,Download
The Square,Midnight Lover,1978,17,16,19,lossy,Unknown
Aaly Trio + Ken Vandermark,Stumble,1998,17,16,19,lossless,Unknown
Casiopea,MAKE UP CITY,1992,17,16,19,lossless,CD
Scientist,In The Kingdom Of Dub,1981,17,16,19,lossless,Vinyl
Rahul Sharma,Music of the Himalayas,2002,17,16,19,lossless,Unknown
Herbie Hancock,Quartet,1982,17,16,20,lossless,Vinyl
Billy Cobham's Glassmenagerie,Stratus,1990,17,16,20,lossless,CD
"Berliner Philharmoniker, Simon Rattle",Mahler Symphony no.10,2000,17,16,20,lossless,CD
Viogression,Passage [CORPSE CD006],1992,17,16,20,lossless,CD
A.R. Rahman,Taal,1999,17,16,21,lossy,CD
Knyaz Mishkin,Daruy,2007,17,17,17,lossy,Download
Ensemble Musique Vivante - Luciano Berio,Luciano Berio: Laborintus 2,1987,17,17,17,lossless,CD
Pixeltruppen,Pixeltruppen,2017,17,17,17,lossy,Download
Charly Antolini,Knock Out (Direct-To-Disc) 100.3304,1979,17,17,17,lossless,Vinyl
Knyaz Mishkin,Pasiarod,2010,17,17,17,lossy,Unknown
Kevin Drumm,09082001 gtr/synth 'solo',2015,17,17,17,lossless,Download
Charly Antolini,Knock Out,1982,17,17,17,lossless,Unknown
Black Uhuru,Dub Factor (vinyl),1983,17,17,18,lossless,Unknown
Anne Sofie von Otter with Wiener Philharmoniker/Pierre Boulez,Mahler: Symphony No. 3 (Disc 1) (HDtracks 88/24),2010,17,17,18,lossless,Download
Netherlands Radio Philharmonic Orchestra / Netherlands Radio Choir / Jaap van Zweden,Mahler: Das klagende Lied,2007,17,17,18,lossless,CD
Freddie Hubbard & Woody Shaw,The Eternal Triangle,1988,17,17,18,lossless,CD
Ravi Shankar,Raga Jogeshwari,1980,17,17,19,lossless,Vinyl
Bryan Lewis Saunders,87 Dreams Of A Sociopath,2010,16,04,22,lossless,Unknown
Redwood Symphony with Oakland Symphony Chorus/Eric Kujawsky,Stravinsky: The Rite of Spring & Les Noces,1993,16,06,19,lossless,CD
Toshiya Tsunoda & Taku Unami,Wovenland 2,2020,16,07,30,lossy,Download
Billie Holiday,Lady in Satin,1958,16,08,19,lossless,CD
"Birmingham Contemporary Music Group, Knussen",Poul Ruders - Four Dances,2009,16,08,20,lossless,CD
John Fahey,Old Girlfriends And Other Horrible Memories,1992,16,08,22,lossless,CD
Patto,Sense Of The Absurd ( Comp 1st + 2nd + Bonus ),1995,16,09,18,lossless,CD
"L'Orchestre Symphonique De Montreal,  Kent Nagano",Leonard Bernstein ‎– A Quiet Place,2018,16,09,18,lossless,CD
Kool & The Gang,Everybody's Dancin' [vinyl],1978,16,09,18,lossless,Vinyl
David Torn,Best Laid Plans,1985,16,09,19,lossless,CD
Jeff Bridges,Sleeping Tapes,2015,16,09,19,lossy,Download
Edgar Varese,The Complete Works (disk 2),1998,16,09,20,lossless,CD
Various Artists (Chesky),The Ultimate Demonstration Disc,1995,16,09,20,lossless,CD
Various Artists (Chesky),The Ultimate Demonstration Disc,1995,16,09,20,lossless,CD
Various Artists,Chesky Records - The Ultimate Demonstration Disc,1995,16,09,20,lossless,CD
Various Artists,Chesky Records The Ultimate Demonstration Disk,1995,16,09,20,lossless,CD
Al Jarreau,Heart's Horizon,1988,16,10,18,lossless,CD
Al Jarreau,Heart's Horizon,1988,16,10,18,lossless,Unknown
Brand X,X Communication,1992,16,10,18,lossless,Unknown
Inner Strength,Shallow Reflections,1993,16,10,18,lossless,CD
Al Jarreau,Heart's Horizon,1988,16,10,18,lossless,Unknown
The Legendary Pink Dots,Malachai (Shadow Weaver Part 2),2002,16,10,19,lossless,CD
Idris Muhammad,Make It Count [vinyl],1980,16,10,19,lossless,Unknown
Fats Waller,"If You Got To Ask, You Ain't Got It!",2006,16,10,20,lossless,CD
Igor Ballereau,SHSK'H Vol. 1 - Igor Ballereau,2006,16,10,20,lossy,Unknown
Teodosii Spassov,Welkya,1994,16,10,21,lossless,CD
Various Artists,Soundscape Amsterdam,1995,16,10,21,lossless,Unknown
John Cage,Complete Music for Piano Vol 8,2004,16,10,31,lossless,CD
Various Artists,Audiogon Presents the Wake Up Your Ears Sampler [HDtracks],2013,16,10,32,lossless,Download
Various,Audiogon Presents The Wake Up Your Ears Sampler,2013,16,10,32,lossless,Download
Yellow Magic Orchestra,After Service (32XA-145),1987,16,11,17,lossless,CD
Yellow Magic Orchestra,After Service,1987,16,11,17,lossless,CD
Yellow Magic Orchestra,After Service (38XA-14),1984,16,11,17,lossless,CD
Philly Joe Jones Dameronia,"Look, Stop And Listen [vinyl]",1983,16,11,17,lossless,Unknown
Kraftwerk,Trans Europa Express,1986,16,11,18,lossless,CD
Duran Duran,Notorious,1986,16,11,18,lossless,Unknown
Duran Duran,Notorious  -  japan,2014,16,11,18,lossless,CD
Charly Antolini,Menue / Finale,1987,16,11,18,lossless,Unknown
Bruford / Borstlap,In Two Minds,2007,16,12,17,lossless,CD
Various Artists,The Sheffield Jazz Experience,1995,16,12,17,lossless,Unknown
Keith Jarrett,At The Blue Note II,1995,16,12,17,lossless,CD
Stevie Wonder,Hotter Than July,1992,16,12,17,lossless,CD
Stevie Wonder,Hotter Than July,1993,16,12,17,lossless,Unknown
Jimmy Cobb Quartet,Jazz in the Key of Blue [HDtracks],2009,16,12,18,lossless,Unknown
Yumi Matsutoya,Yuming Visualive Da・Di・Da,1986,16,12,18,lossless,CD
"Earth, Wind & Fire",All 'N All [Japan SACD],1999,16,12,18,lossless,Unknown
Różni wykonawcy,I Ching,1993,16,12,18,lossless,CD
Steve Earle,Copperhead Road,1988,16,12,18,lossless,CD
Tomi Jenkins,Tomi,1989,16,12,18,lossy,CD
John Tropea,NY Cats Direct,1986,16,12,18,lossless,Unknown
Muddy Waters,Folk Singer [DSD] (Acoustic Sounds download),2014,16,12,18,lossless,Download
Muddy Waters,Folk Singer [96/24 HDtracks],2013,16,12,18,lossless,Unknown
Muddy waters,Folk Singer HDtracks 24-192,2013,16,12,18,lossless,Download
Jimmy Cobb Quartet,Jazz in the Key of Blue [HDtracks],2010,16,12,18,lossless,Download
"Michael Tilson Thomas, New World Symphony",New World Jazz,1998,16,12,18,lossless,CD
Glass - Schnittke,"Violin Concerto, Schnittke - Concerto Grosse No. 5; Wiener Philh",1993,16,12,18,lossless,CD
The O-zone Percussion Group,La Bamba,1996,16,12,18,lossless,Unknown
Tom Scott,Desire,1982,16,12,18,lossless,Unknown
City Of Birmingham Symphony Orchestra/Rattle,"Debussy: Images, Jeux, etc.",1990,16,12,18,lossless,Unknown
Tom Scott,Desire,1982,16,12,18,lossless,CD
Steve Earle,Copperhead Road,1988,16,12,18,lossless,CD
Jimmy Cobb Quartet,Jazz in the Key of Blue [SACD - PCM layer],2009,16,12,18,lossless,CD
Wailing Souls,The Very Best Of,1990,16,12,18,lossless,CD
Steve Earle,Copperhead Road,1988,16,12,18,lossy,Unknown
Eddie Graham Trio,S' Wonderful Jazz [DSD] (Acoustic Sounds download),2015,16,12,18,lossless,Download
"Earth, Wind & Fire",All 'N All (Original Album Classics),2008,16,12,18,lossless,CD
James Horner,The Land Before Time,1988,16,12,19,lossless,Unknown
Grace,Gathering In The Wheat CD 1,1998,16,12,19,lossless,Unknown
Bill Evans,At The Montreux Jazz Festival,1998,16,12,19,lossless,CD
Elton John,A Arte de Elton John,1988,16,12,19,lossless,CD
Chet Baker & Paul Bley,Diane,2017,16,12,19,lossless,CD
Sadao Watanabe,Maisha,1985,16,12,19,lossless,CD
Peppino D'Agostino,Acoustic Guitar,2001,16,12,19,lossless,Download
Muddy Waters,Folk Singer,2011,16,12,19,lossless,Vinyl
Pierre Favre Ensemble,Singing Drums,1984,16,12,19,lossless,CD
Muddy Waters,Folk Singer [Analogue Productions] (24/96 vinyl rip),2011,16,12,19,lossless,Unknown
Nurse With Wound,Merzbild Schwet,1990,16,12,19,lossless,CD
"Los Angeles Philharmonic, Esa-Pekka Salonen",Lutosławski ‎– The Symphonies,2013,16,12,19,lossless,CD
João Gilberto,João Gilberto 1973,1973,16,12,19,lossless,CD
Porcupine Tree,BBC Graveyard Shift sessions,1993,16,12,19,lossless,Unknown
The Ritz,The Ritz,1987,16,12,19,lossless,Unknown
Jimmy Cobb Quartet,Jazz in the Key of Blue (24-96),2009,16,12,19,lossless,Unknown
Ahmad Jamal,Ahmad's Blues,1958,16,12,19,lossless,CD
Amanda McBroom & Lincoln Mayorga,Growing Up in Hollywood Town,2004,16,12,19,lossless,CD
Ahmad Jamal Trio,Ahmad's Blues,1994,16,12,19,lossy,CD
"Earth, Wind & Fire",All'N All,1986,16,12,19,lossless,CD
Mickey Hart,Planet Drum (Au20 Limited Edition),1991,16,12,19,lossless,Unknown
"Earth, Wind & Fire",All 'N All,1977,16,12,19,lossless,CD
Henry Jacobs,Radio Programme No.1: Henry Jacobs' Music and Folklore,2007,16,12,19,lossless,CD
Dick Raaijmakers,The complete tape music of Dick Raaijmakers (Disc 1),1998,16,12,20,lossless,Unknown
Aurora,Aurora,2005,16,12,20,lossless,Unknown
Electric Phoenix,Trevor Wishart: Vox,1990,16,12,20,lossless,CD
Johannette Zomer - Antequera,Cantigas de Santa Maria,2003,16,12,20,lossless,CD
Canadian Brass,The Village Band,1981,16,12,20,lossless,CD
Anne-Sophie Mutter,Modern - Disk-01,1994,16,12,20,lossless,CD
Pactum,F.A.L.,1994,16,12,20,lossy,Unknown
Masada (John Zorn),1994 : Live In Jerusalem,1999,16,12,20,lossless,Unknown
Vanilla Ice,Hooked,1989,16,12,20,lossless,CD
David Lewiston,Tibetan Buddhism / Tantras Of Gyütö: Sangwa Düpa ▪ Mahakala,1988,16,12,20,lossless,CD
Philip Miller,The Refusal Of Time,2012,16,12,20,lossless,CD
Michael Hedges,Aerial Boundaries,1990,16,12,20,lossless,Unknown
John Cage,Complete Music for Piano Vol 9,2004,16,12,21,lossless,CD
Mark Nauseef,Wiht Space In Mind,1994,16,12,21,lossless,Unknown
Nathan Fiorentino & Jayson Norman,Goose Neck,2018,16,12,21,lossless,Download
György Ligeti,The Ligeti Project (Disk 2),2008,16,12,21,lossless,CD
Shoji Meguro,Persona 3 Original Soundtrack OST CD 2,2006,16,12,21,lossy,CD
Dallas Symphony Orchestra - Eduardo Mata,An American Panorama,1992,16,12,21,lossless,CD
The Bar-Kays,Soul Finger [vinyl],2012,16,13,17,lossless,Vinyl
Andrés Segovia,The Segovia Collection Volume 3 My Favorite Works,1988,16,13,17,lossless,CD
Airto Moreira,Three-Way Mirror,1987,16,13,17,lossless,CD
The Replacements,Pleased To Meet Me,1987,16,13,17,lossless,Unknown
Steve Winwood,Back In The High Life,1986,16,13,17,lossless,Unknown
Seaside Lovers,Memories in Beach House,1983,16,13,17,lossless,CD
Danny Elfman,So-Lo,1984,16,13,17,lossy,Unknown
佐々木昭雄 (Akio Sasaki),Berklee Connection,2008,16,13,17,lossless,CD
The Gadd Gang,Here & Now,1988,16,13,17,lossless,CD
Men At Work,Two Hearts,1985,16,13,17,lossless,CD
Sly And Robbie,Present Taxi,1990,16,13,18,lossless,CD
Edward Elgar,"Symphony 2; Serenade (Edward Gardner, BBC Symphony Orchestra; 24bit/96KHz)",2018,16,13,18,lossless,Download
McCoy Tyner,Nights Of Ballads & Blues [SACD],2011,16,13,18,lossless,Unknown
Billie Holiday,Lady in Satin,1997,16,13,18,lossy,CD
The B-52's,Cosmic Thing,1989,16,13,18,lossy,Unknown
The Last Tribe,The Last Tribe,1990,16,13,18,lossy,CD
Yello,Rubberbandman [single],1991,16,13,18,lossless,Unknown
Various Artists,"Howls, Raps And Roars - Recordings From The San Francisco Poetry Renaissance (Disc 2 of 4)",1993,16,13,18,lossless,CD
Michael Stern,Kansas City Symphony Miraculous Metamorphoses (Acoustic Sounds),2014,16,13,18,lossless,Download
Billie Holiday,Lady in Satin,2010,16,13,18,lossless,CD
Charly Antolini,Knock Out,2011,16,13,18,lossless,Download
David Chesky,the tangos and dances,1992,16,13,18,lossless,CD
Medwyn Goodall,Medicine Woman,1992,16,13,18,lossless,CD
Emerson String Quartet,Debussy / Ravel: String Quartets,2006,16,13,18,lossless,Unknown
The Police,Zenyatta Mondatta (Nautilus Half-Speed Mastered),1981,16,13,18,lossless,Vinyl
Universal Congress Of,The Eleventh-Hour Shine-On,1992,16,13,18,lossless,CD
Montserrat Figueras - Rolf Lislevand,Jose Marin: Tonos Humanos [Figueras & Lislevand],1998,16,13,18,lossless,CD
Kool & The Gang,Forever,1986,16,13,18,lossless,Unknown
Hanna Banaszak,Koncert,1993,16,13,18,lossless,CD
Muddy Waters,Folk Singer (SACD) APO,2011,16,13,18,lossless,CD
YAZOO,UPSTAIRS AT ERIC'S,1990,16,13,18,lossless,CD
Freeway Philharmonic,Sonic Detour,1995,16,13,18,lossless,CD
Krokus,Headhunter,1983,16,13,18,lossy,Unknown
Run-D.M.C.,Run-D.M.C. / The First Album,1988,16,13,18,lossless,CD
The Who,Join Together [Disc 2],1990,16,13,18,lossless,Unknown
Tommy Flanagan,Let's Play The Music Of Thad Jones,1993,16,13,18,lossless,CD
The Who,Join Together [Disc 2],1990,16,13,18,lossless,Unknown
Ravi Shankar,Inside the Cremlin,1989,16,13,18,lossless,CD
Daniel Barenboim / Michael Barenboim / Pierre Boulez - Wiener Philhamoniker,Schoenberg: Violin & Piano Concerti (Arnold Schönberg),2015,16,13,18,lossless,Download
Shirley Horn,Violets for Your Furs,1991,16,13,18,lossless,CD
Berliner Philharmoniker - Claudio Abbado,Gustav Mahler - Symphony No. 5,1993,16,13,18,lossless,CD
本多俊之 (Toshiyuki Honda),Saxophone Music,1986,16,13,18,lossless,CD
Ravi Shankar,Inside The Kremlin,1988,16,13,18,lossless,CD
"Medeski, Martin & Wood",Notes From the Underground,1992,16,13,18,lossless,CD
Omnia,3 (EP),2003,16,13,18,lossless,CD
"Paul Smith with Monty Budwig, Frank Capp, Barney Kessel",The Good Life,1979,16,13,18,lossless,Vinyl
The The,Mind Bomb,1989,16,13,18,lossless,CD
Dire Straits,Alchemy - Live - part one,1984,16,13,18,lossless,CD
Brand New Heavies,"Stay This Way [12"" vinyl]",1992,16,13,18,lossless,Unknown
"St Petersburg Philarmonic Orchestra, Yuri Temirkanov",Mahler ‎– Symphony No. 5,2005,16,13,18,lossless,CD
"Erich Kunzel, Cincinnatti Pops Orchestra",Viennafest,2000,16,13,18,lossless,Unknown
Augustus Pablo,East Of The River Nile,1987,16,13,18,lossless,CD
Warren Bernhardt,Handson,1987,16,13,18,lossless,Unknown
Hildegard von Bingen; Sequentia,Ordo virtutum (disc 1),1990,16,13,18,lossless,Unknown
Phil Thornton and Hossam Ramzy,Eternal Egypt,1996,16,13,18,lossless,Unknown
"Berliner Philharmoniker, Claudio Abbado","Beethoven: Symphonie No. 9 d-moll, Op. 125 [HDtracks 24/96 release]",2010,16,13,18,lossless,Unknown
Thelonious Monk,The Complete Thelonious Monk At The It Club,2009,16,13,18,lossless,Vinyl
Etta James,At Last The Best Of,2010,16,13,18,lossy,CD
Biermösl Blosn,Tschüss Bayernland,1985,16,13,18,lossy,Unknown
Spanish Art Guitar Quartet,Bolero (multichannel SACD layer),2005,16,13,18,lossless,CD
Muddy Waters,Folk Singer (Qobuz 24/192),2015,16,13,18,lossless,Download
Bill Evans,At The Montreux Jazz Festival,2004,16,13,18,lossless,Vinyl
Dire Straits,Alchemy (Dire Straits Live) [disc 1],1984,16,13,18,lossless,CD
Evelyn King,I'm In Love,1999,16,13,18,lossy,CD
Dire Straits,Alchemy - Live (part one),1984,16,13,18,lossless,CD
A.R. Rahman,Gentleman,1993,16,13,18,lossy,CD
Yazoo,Upstairs at Eric's,1990,16,13,18,lossless,CD
Prince,Prince [Digital Remaster] [Pono 192/24],2009,16,13,18,lossless,Download
Thelma Houston & Pressure Cooker,I've Got The Music In Me,1989,16,13,18,lossless,CD
The Police,Zenyatta Mondatta [vinyl],1980,16,13,19,lossless,Vinyl
CC Coletti,Bring It on Home [HDtracks],2013,16,13,19,lossless,Download
John Scofield,Pick Hits Live,1987,16,13,19,lossless,Unknown
Bob Mintzer,Spectrum,1988,16,13,19,lossless,CD
"Saint Louis Symphony Orchestra & Chorus, Leonard Slatkin",Ravel: Bolero; Daphnis & Chloé; Pavane pour un Infante défunte,1980,16,13,19,lossless,CD
"Lorin Maazel, Wiener Philharmoniker",Dvořák; Symphony No. 9 'From the New World'; Carnival Overture,1983,16,13,19,lossless,CD
Krystian Zimerman,Claude Debussy: Preludes (CD1),1994,16,13,19,lossless,Unknown
Arvo Pärt,Alina,1999,16,13,19,lossless,CD
Lyle Lovett,Lyle Lovett and His Large Band,1989,16,13,19,lossless,Unknown
Blazing Redheads,Crazed Women,1991,16,13,19,lossless,Unknown
Masada (John Zorn),1994 : Live In Jerusalem,1999,16,13,19,lossless,Unknown
Anthony Phillips,Private Parts And Pieces V: Twelve,1996,16,13,19,lossless,Unknown
Thomas Adès,"Asyla, etc",1999,16,13,19,lossless,CD
"London Symphony Orchestra, Jascha Horenstein",Mahler ‎– Symphony No. 3,1988,16,13,19,lossless,CD
John Zorn / George Lewis / Bill Frisell,More News For Lulu,1992,16,13,19,lossless,CD
Ali Farka Touré,Ali Farka Touré - Eight Songs from the Legendary Singer from Mali  [vinyl],1987,16,13,20,lossless,Unknown
Various Artists,The Guitar Collection [HDtracks],2008,16,13,20,lossless,Download
Dire Straits,Brothers In Arms,1985,16,13,20,lossless,Unknown
Dire Straits,Brothers In Arms,1985,16,13,20,lossy,CD
Hexenhaus,The Edge Of Eternity,1990,16,13,20,lossy,Download
David Bowie,The Rise And Fall Of Ziggy Stardust & The Spiders Of Mars (SACD),2003,16,13,20,lossless,Downmix
DIRE STRAITS,BROTHERS IN ARMS,1991,16,13,20,lossless,CD
John Cage,Boris Berman ‎– Sonatas And Interludes For Prepared Piano,1999,16,13,20,lossless,Unknown
dire straits,brothers in arms,1985,16,13,20,lossless,CD
Dire Straits,Brothers In Arms,1985,16,13,20,lossless,CD
John McLaughlin,"""Mediterranean"" Concerto",1990,16,13,20,lossless,Unknown
Thelonious Monk,Brilliant Corners [The Riverside Tenor Sessions],1998,16,13,20,lossless,CD
Triplicated,Appearance,2007,16,13,20,lossless,Unknown
The Necks,Chemist,0,16,13,20,lossy,Unknown
Dire Straits,Brothers In Arms,1985,16,13,20,lossless,CD
Dire Straits,Brothers In Arms,1985,16,13,20,lossless,CD
BBC Symphony Orchestra / Martin Neary,Tavener: Akathist Of Thanksgiving,1994,16,13,20,lossless,CD
Dire Straits,Brothers in Arms,1985,16,13,20,lossless,CD
Jacques Loussier,Brandenburg Concertos,1991,16,13,20,lossless,CD
Dire Straits,Brothers In Arms,1991,16,13,20,lossless,CD
Nick Cave & The Bad Seeds,From her to eternity,1984,16,13,20,lossless,Vinyl
Dire Straits,Brothers In Arms,1985,16,13,20,lossless,CD
Kroumata Percussion Ensemble,"Iannis Xenakis: Pléiades, Psappha",1990,16,13,20,lossless,CD
Don Ross,Huron Street,2001,16,13,20,lossless,Unknown
Masada (John Zorn),2000 : Live In Sevilla,2000,16,13,20,lossless,Unknown
Dire Straits,Brothers In Arms,1985,16,13,20,lossless,CD
Dire Straits,Brothers In Arms,1985,16,13,20,lossless,CD
INXS,INXSive,1988,16,13,20,lossless,CD
BBC Symphony Orchestra / Andrew Davis,Berlioz: Symphonie fantastique,1993,16,13,20,lossless,CD
Robert Ashley,Automatic Writing,1996,16,13,21,lossy,Download
Nu Creative Methods,Nu Jungle Dances,2006,16,13,21,lossless,CD
Jie-Bing Chen with V. M. Bhatt and Bela Fleck,Tabula Rasa (HDtracks 88/24),1996,16,13,21,lossless,Download
Infinity - The Definitive Music And Fidelity Sampler Vol.I,The Definitive Music And Fidelity Sampler Vol.I,1990,16,13,21,lossless,CD
Dire Straits,Brothers in Arms [Bulgarian Bootleg],1995,16,13,21,lossless,CD
Sheffield Lab Sampler ft. Pat Coil,Up Close Volume 8,1991,16,13,21,lossless,Unknown
The 52nd Street Blues Project,Blues & Grass [HDtracks],2008,16,13,22,lossless,Download
Badi Assad,Rhythms,1995,16,13,22,lossless,CD
Various Artists,Best of Chesky Jazz and More Audiophile Tests Vol. 2 HDTracks 44/16,1992,16,13,22,lossless,Unknown
"Ambros, Tauchen, Fälbl",Watzmann Live [Disc 1],1991,16,13,22,lossless,CD
Erich Kunzel & the Cincinnati Pops Orchestra,Ein Straussfest,1985,16,13,22,lossless,Unknown
"Erich Kunzel, Cincinnatti Pops Orchestra",Ein Straussfest CD1,1999,16,13,22,lossless,Unknown
Helge Schneider,Es rappelt im Karton!,1995,16,13,22,lossy,Unknown
Rickie Lee Jones,Flying Cowboys [Audio Fidelity 24K CD],2010,16,13,22,lossless,CD
"Tom Arthurs, Miles Perkin, Yorgos Dimitriadis",Glue,2011,16,13,23,lossless,Download
Kronos Quartet,Black Angels,1990,16,13,24,lossless,Unknown
The Joy,S/T,2003,16,13,24,lossless,Unknown
David Burge; Einar Rötttingen; Joachim Olsson; Peter Kates,George Crumb ‎– Makrokosmos I-IV,2003,16,13,26,lossless,CD
Kool & The Gang,"Celebrate! [France, # 574013]",1980,16,14,16,lossless,Vinyl
Chick Corea,Akoustic Band,1989,16,14,16,lossless,CD
Shelly Manne & His Men,"At The Black Hawk, Vol. 2",1991,16,14,16,lossless,Unknown
Prince,"Let's Pretend We're Married [12"" vinyl]",1983,16,14,16,lossless,Vinyl
Nine Inch Nails,Purest Feeling (Pretty Hate Machine demo),1988,16,14,16,lossless,Unknown
Mitch Ryder,Smart Ass,1982,16,14,16,lossless,Vinyl
Chick Corea Akoustic Band,Chick Corea Akoustic Band,1989,16,14,16,lossless,CD
Luther Vandross,Original Album Classics CD4 [The Night I Fell In Love],2013,16,14,17,lossless,CD
Huib Emmer,Composers' Voice Highlights,1998,16,14,17,lossless,Unknown
Bernard Haitink - Philharmonia Orchestra,Elgar: Symphony No. 2 in E Flat,1984,16,14,17,lossless,CD
Z.Z. Hill,Greatest Hits,1990,16,14,17,lossless,CD
Mal Waldron,Mal Waldron Plays The Blues,1989,16,14,17,lossless,CD
Reinbert de Leeuw,"Early Piano Works, Vol. 1",1980,16,14,17,lossless,CD
Donna Summer,Cats Without Claws,1984,16,14,17,lossless,CD
Lee Oskar,Lee Oskar [vinyl],1976,16,14,17,lossless,Vinyl
"Keith Jarrett, Gary Peacock, Jack DeJohnette",After The Fall [disc 1],2018,16,14,17,lossless,CD
Various,Big Band Classics,1994,16,14,17,lossless,Unknown
Bedřich Smetana,"My Country - Kubelík, Prague 1990 (Blu-spec CD)",2010,16,14,17,lossless,CD
Michael Jackson,Off The Wall [1991 Japanese Press],1991,16,14,17,lossless,CD
44Mind,Gray EP,2011,16,14,17,lossy,Unknown
Spyro Gyra,Stories Without Words (MCA MCAD-42046),1987,16,14,17,lossless,CD
Yellow Magic Orchestra,Yellow Magic Orchestra Ver. U.S.A. (ALME-2222),2006,16,14,17,lossless,CD
Donald Fagen,Kamakiriad,1993,16,14,17,lossless,CD
Bill Stewart,Telepathy,1997,16,14,17,lossy,Unknown
George Duke,Dream On [vinyl],1982,16,14,17,lossless,Vinyl
Nusrat Fateh Ali Khan,Reverence,1990,16,14,17,lossless,CD
Ricardo Gallén,Fernando Sor: Guitar Sonatas [DSD256],2014,16,14,17,lossless,Download
erasure,Who Needs Love Like That (CD Single),1993,16,14,17,lossless,CD
Wolfgang Ambros,Der letzte Tanz,1983,16,14,17,lossless,Unknown
Kim Larsen,Jungle Dreams,1981,16,14,17,lossless,Vinyl
Charles Mingus,Reincarnation of a Love Bird,2010,16,14,17,lossless,CD
Miles Davis,Tutu [vinyl],1986,16,14,17,lossless,Vinyl
Voo Voo,"Muzyka do filmu ""Seszele""",1995,16,14,17,lossless,CD
Michael Jackson,Off The Wall,1991,16,14,17,lossless,CD
Commodores,Heroes [vinyl|,1980,16,14,17,lossless,Vinyl
Papa Winnie,Rootsie & Boopsie,1989,16,14,17,lossless,CD
Monty Python,Another Album,1994,16,14,17,lossless,CD
Cetu Javu,Southern Lands,1990,16,14,17,lossless,CD
Pat Coil,UpClose Volume 16,1993,16,14,17,lossless,CD
Yellow Magic Orchestra,Yellow Magic Orchestra (A&M Mix) (ALCA-5215),1998,16,14,17,lossless,CD
Eric Clapton,Another Ticket,1996,16,14,17,lossless,CD
Yellow Magic Orchestra,Yellow Magic Orchestra (US Mix) (ALCA-287),1992,16,14,17,lossless,CD
Doug MacLeod,Come to Find,1994,16,14,17,lossless,CD
Rickie Lee Jones,The Magazine,1987,16,14,17,lossless,CD
Oscar Peterson Trio,"Live at the Blue Note - The complete recordings - March 16-18, 1990",1990,16,14,17,lossless,Unknown
Rickie Lee Jones,The Magazine [Original Album Series],2009,16,14,17,lossless,CD
Artis Quartett Wien,Karl Weigl String Quartets 1 & 5,2000,16,14,17,lossless,Unknown
Joe Sample,Rainbow Seeker,1978,16,14,17,lossless,CD
Paul Hardcastle,Sound Syndicate,1989,16,14,17,lossless,Unknown
Herb Alpert,Rise [dbx vinyl],1979,16,14,17,lossless,Unknown
Horia Andreescu - Romanian National Radio Orchestra,"Enescu: Complete orchestral works, Vol.2; George Enescu (1881-1955)",1998,16,14,17,lossless,Unknown
Los Angeles Guitar Quartet (SACD Stereo),LAGQ's Guitar Heroes,2004,16,14,17,lossless,CD
Los Angeles Guitar Quartet,LAGQ's Guitar Heroes (SACD Stereo),2004,16,14,17,lossless,CD
Joe Sample,Rainbow Seeker [Acoustic Sounds 192/24],2015,16,14,17,lossless,Download
Noel Gallagher's High Flying Birds,Chasing Yesterday (BrickwallHater Remaster),2015,16,14,17,lossless,Download
Patrice Rushen,Straight From The Heart (Vinyl),1982,16,14,17,lossless,Unknown
Spandau Ballet,True [96kHz & 24Bit VINYL],1983,16,14,17,lossless,Vinyl
Paco de Lucia,Live... One summer night,1984,16,14,17,lossless,CD
The Time,Ice Cream Castle [vinyl],1984,16,14,17,lossless,Unknown
Kraftwerk,Computerwelt,1986,16,14,17,lossless,Unknown
杉山清貴 & オメガトライブ (S. Kiyotaka & Omega Tribe),Never Ending Summer,1984,16,14,17,lossless,CD
"Hellborg, Lane, Selvaganesh",Good People in Times Of Evil,2000,16,14,17,lossless,CD
Chic,C'est Chic,2014,16,14,17,lossless,Download
Keith Jarrett,After the Fall (Disc 1),2018,16,14,17,lossless,CD
Dr. Strut,Struttin' [vinyl],1980,16,14,17,lossless,Vinyl
Commodores,In The Pocket [vinyl],1981,16,14,17,lossless,Unknown
Giorgio Moroder,From Here to Eternity,1977,16,14,17,lossless,Vinyl
Alberto Giraldi Electric Band,Una Storia Semplice,2018,16,14,17,lossless,Download
Steely Dan,Aja,1977,16,14,17,lossless,CD
"Electric Phoenix, London Voices, Rascher Saxophone Quartet, Orchestre de Paris, Semyon Bychkov",Berio ‎– Canticum Novissimi Testamenti II / Sinfonia,1996,16,14,17,lossless,CD
Michael Jackson,Off The Wall (1st Japan Pressing),1982,16,14,17,lossless,CD
Stevie Ray Vaughan and Double Trouble,In Step (Vinyl),1989,16,14,17,lossless,Unknown
Dr. John,Tango Palace [vinyl],1979,16,14,17,lossless,Vinyl
Kool & The Gang,The Dance Collection,1990,16,14,17,lossless,Unknown
Gloria Gaynor,Love Tracks,1978,16,14,17,lossless,Vinyl
"Earth, Wind & Fire",I Am [vinyl],1979,16,14,17,lossless,Unknown
